,funding_daily_sum_08_16_00next
2020-03-26,0.00030000000000000003
2020-03-27,0.00030000000000000003
2020-03-28,0.00030000000000000003
2020-03-29,0.00030000000000000003
2020-03-30,0.00030000000000000003
2020-03-31,0.00030000000000000003
2020-04-01,-0.00079638
2020-04-02,-0.0033601300000000002
2020-04-03,-0.00647689
2020-04-04,-1.231999999999999e-05
2020-04-05,0.00030000000000000003
2020-04-06,0.00029599
2020-04-07,-3.005e-05
2020-04-08,0.0002499
2020-04-09,0.00019239000000000002
2020-04-10,0.00021027
2020-04-11,0.00030000000000000003
2020-04-12,0.00030000000000000003
2020-04-13,-0.00063648
2020-04-14,-0.000922
2020-04-15,-0.00146351
2020-04-16,-0.0022126100000000003
2020-04-17,-0.00054365
2020-04-18,-0.00055742
2020-04-19,-0.00060722
2020-04-20,1.5659999999999996e-05
2020-04-21,0.00019293
2020-04-22,-0.00016806
2020-04-23,-0.00082413
2020-04-24,0.00030000000000000003
2020-04-25,0.00030000000000000003
2020-04-26,0.00030000000000000003
2020-04-27,0.00030000000000000003
2020-04-28,0.00030000000000000003
2020-04-29,0.00030000000000000003
2020-04-30,0.00030000000000000003
2020-05-01,0.00030000000000000003
2020-05-02,0.00030000000000000003
2020-05-03,0.00030000000000000003
2020-05-04,0.00030000000000000003
2020-05-05,0.00030000000000000003
2020-05-06,0.00030000000000000003
2020-05-07,0.00030000000000000003
2020-05-08,0.00030000000000000003
2020-05-09,0.00030000000000000003
2020-05-10,0.00030000000000000003
2020-05-11,0.00030000000000000003
2020-05-12,0.00030000000000000003
2020-05-13,0.00030000000000000003
2020-05-14,0.00030000000000000003
2020-05-15,0.00030000000000000003
2020-05-16,0.00030000000000000003
2020-05-17,0.00030000000000000003
2020-05-18,0.00030000000000000003
2020-05-19,0.00030000000000000003
2020-05-20,0.00030000000000000003
2020-05-21,0.00030000000000000003
2020-05-22,0.00030000000000000003
2020-05-23,0.00030000000000000003
2020-05-24,0.00030000000000000003
2020-05-25,0.00030000000000000003
2020-05-26,0.00030000000000000003
2020-05-27,0.00030000000000000003
2020-05-28,0.00027417
2020-05-29,0.00030000000000000003
2020-05-30,0.00030000000000000003
2020-05-31,0.00030000000000000003
2020-06-01,0.00023059
2020-06-02,0.00030000000000000003
2020-06-03,0.00030000000000000003
2020-06-04,0.00030000000000000003
2020-06-05,0.00030000000000000003
2020-06-06,0.00030000000000000003
2020-06-07,0.00030000000000000003
2020-06-08,0.00030000000000000003
2020-06-09,0.00030000000000000003
2020-06-10,0.00030000000000000003
2020-06-11,0.00030000000000000003
2020-06-12,0.00030000000000000003
2020-06-13,0.00030000000000000003
2020-06-14,0.00030000000000000003
2020-06-15,0.00030000000000000003
2020-06-16,0.00029598
2020-06-17,0.00030000000000000003
2020-06-18,0.00030000000000000003
2020-06-19,0.00030000000000000003
2020-06-20,0.00030000000000000003
2020-06-21,0.00030000000000000003
2020-06-22,0.00030000000000000003
2020-06-23,0.00030000000000000003
2020-06-24,0.00030000000000000003
2020-06-25,0.00030000000000000003
2020-06-26,0.00030000000000000003
2020-06-27,0.00030000000000000003
2020-06-28,0.00030000000000000003
2020-06-29,0.00030000000000000003
2020-06-30,0.00030000000000000003
2020-07-01,0.00030000000000000003
2020-07-02,0.00030000000000000003
2020-07-03,0.00030000000000000003
2020-07-04,0.00030000000000000003
2020-07-05,0.00030000000000000003
2020-07-06,0.00030000000000000003
2020-07-07,0.00030000000000000003
2020-07-08,0.00030000000000000003
2020-07-09,0.00030000000000000003
2020-07-10,0.00030000000000000003
2020-07-11,0.00022124000000000002
2020-07-12,0.00030000000000000003
2020-07-13,0.00030000000000000003
2020-07-14,0.00030000000000000003
2020-07-15,0.00029621
2020-07-16,0.00030000000000000003
2020-07-17,0.00030000000000000003
2020-07-18,0.00025543
2020-07-19,0.00030000000000000003
2020-07-20,0.00030000000000000003
2020-07-21,0.00027691
2020-07-22,-0.00029205999999999997
2020-07-23,0.00011132
2020-07-24,0.0002492
2020-07-25,0.00027786
2020-07-26,-0.00019237999999999997
2020-07-27,0.00030000000000000003
2020-07-28,0.00030000000000000003
2020-07-29,0.00030000000000000003
2020-07-30,0.00030000000000000003
2020-07-31,0.00030000000000000003
2020-08-01,0.00030000000000000003
2020-08-02,0.00030000000000000003
2020-08-03,0.00030000000000000003
2020-08-04,0.00030000000000000003
2020-08-05,0.00030000000000000003
2020-08-06,0.00030000000000000003
2020-08-07,0.00030000000000000003
2020-08-08,0.00030000000000000003
2020-08-09,0.00030000000000000003
2020-08-10,0.00047191999999999997
2020-08-11,0.00049662
2020-08-12,0.00041628
2020-08-13,0.00030000000000000003
2020-08-14,0.00130031
2020-08-15,0.00178354
2020-08-16,0.00165537
2020-08-17,0.0023786700000000003
2020-08-18,0.00596591
2020-08-19,0.0028577999999999998
2020-08-20,0.0005366699999999999
2020-08-21,0.00030000000000000003
2020-08-22,0.00037079
2020-08-23,0.00030000000000000003
2020-08-24,0.00030000000000000003
2020-08-25,0.00073872
2020-08-26,0.00076153
2020-08-27,0.00030457
2020-08-28,0.00030000000000000003
2020-08-29,0.00030000000000000003
2020-08-30,0.00030000000000000003
2020-08-31,0.00033918
2020-09-01,0.0010104200000000002
2020-09-02,0.00200433
2020-09-03,0.00113312
2020-09-04,0.00044456
2020-09-05,0.00030000000000000003
2020-09-06,0.00030000000000000003
2020-09-07,0.00030000000000000003
2020-09-08,0.00030000000000000003
2020-09-09,0.00030000000000000003
2020-09-10,0.00030000000000000003
2020-09-11,0.00030000000000000003
2020-09-12,0.00030000000000000003
2020-09-13,0.00030000000000000003
2020-09-14,0.00027039
2020-09-15,-0.00021297999999999998
2020-09-16,-3.8639999999999996e-05
2020-09-17,0.00021562000000000003
2020-09-18,4.859e-05
2020-09-19,-0.00032428000000000003
2020-09-20,6.841e-05
2020-09-21,-0.00021664999999999998
2020-09-22,0.00030000000000000003
2020-09-23,0.00030000000000000003
2020-09-24,0.00015495
2020-09-25,-0.00018444000000000002
2020-09-26,0.00030000000000000003
2020-09-27,0.00030000000000000003
2020-09-28,0.00030000000000000003
2020-09-29,0.00030000000000000003
2020-09-30,0.00030000000000000003
2020-10-01,-0.00105556
2020-10-02,0.00011610999999999998
2020-10-03,0.00030000000000000003
2020-10-04,0.00030000000000000003
2020-10-05,-0.0005984699999999999
2020-10-06,-0.00206217
2020-10-07,0.00023235
2020-10-08,0.00024188
2020-10-09,-0.00127607
2020-10-10,8.840000000000001e-05
2020-10-11,0.00030000000000000003
2020-10-12,0.0004219
2020-10-13,0.0006690600000000001
2020-10-14,0.00047086
2020-10-15,0.00030000000000000003
2020-10-16,0.00035943
2020-10-17,0.00030000000000000003
2020-10-18,0.00028694
2020-10-19,-0.00047996000000000003
2020-10-20,-0.0008923799999999999
2020-10-21,-0.00042307
2020-10-22,0.002483
2020-10-23,0.00361387
2020-10-24,0.00203126
2020-10-25,0.00061157
2020-10-26,0.00048336000000000006
2020-10-27,0.00030000000000000003
2020-10-28,0.00040302
2020-10-29,0.00030000000000000003
2020-10-30,0.00030000000000000003
2020-10-31,0.00030000000000000003
2020-11-01,0.00030000000000000003
2020-11-02,0.00055507
2020-11-03,0.00032436
2020-11-04,0.00030000000000000003
2020-11-05,0.00078679
2020-11-06,0.00298307
2020-11-07,0.00292025
2020-11-08,0.0008250499999999999
2020-11-09,0.00047116
2020-11-10,0.0006702
2020-11-11,0.0014127
2020-11-12,0.00127225
2020-11-13,0.00056852
2020-11-14,0.0009646600000000001
2020-11-15,0.00030539
2020-11-16,0.00050183
2020-11-17,0.0008864599999999999
2020-11-18,0.0049824199999999996
2020-11-19,0.00712377
2020-11-20,0.0053298
2020-11-21,0.00548105
2020-11-22,0.00787306
2020-11-23,0.00731241
2020-11-24,0.00332959
2020-11-25,0.0011176699999999999
2020-11-26,0.00068249
2020-11-27,0.00030000000000000003
2020-11-28,0.00030000000000000003
2020-11-29,0.00030000000000000003
2020-11-30,6.722e-05
2020-12-01,0.00133347
2020-12-02,0.00030000000000000003
2020-12-03,0.00030920000000000003
2020-12-04,0.00030000000000000003
2020-12-05,0.00030000000000000003
2020-12-06,0.00030000000000000003
2020-12-07,0.00030000000000000003
2020-12-08,0.00030000000000000003
2020-12-09,-0.00037723
2020-12-10,0.00021058
2020-12-11,0.00014485000000000002
2020-12-12,-0.00085136
2020-12-13,-0.00042709
2020-12-14,0.00030000000000000003
2020-12-15,0.00037678
2020-12-16,0.00039314
2020-12-17,0.00213625
2020-12-18,0.00139342
2020-12-19,0.00110558
2020-12-20,0.00184544
2020-12-21,0.00096956
2020-12-22,0.00030000000000000003
2020-12-23,0.00030000000000000003
2020-12-24,0.00030000000000000003
2020-12-25,0.00048507
2020-12-26,0.00052693
2020-12-27,0.004648869999999999
2020-12-28,0.0025195
2020-12-29,0.00181138
2020-12-30,0.00184001
2020-12-31,0.00242631
2021-01-01,0.0008424999999999999
2021-01-02,0.00104547
2021-01-03,0.00582157
2021-01-04,0.0038247
2021-01-05,0.00112118
2021-01-06,0.00470131
2021-01-07,0.00708461
2021-01-08,0.00575714
2021-01-09,0.00517638
2021-01-10,0.00497357
2021-01-11,0.00177497
2021-01-12,0.00043782
2021-01-13,0.00063623
2021-01-14,0.00205589
2021-01-15,0.00283722
2021-01-16,0.0005702600000000001
2021-01-17,0.00036663
2021-01-18,0.0006283700000000001
2021-01-19,0.00526481
2021-01-20,0.00328537
2021-01-21,0.00030000000000000003
2021-01-22,0.00042298
2021-01-23,0.00030000000000000003
2021-01-24,0.00038398
2021-01-25,0.00030000000000000003
2021-01-26,0.00044403
2021-01-27,0.00030000000000000003
2021-01-28,0.00038158
2021-01-29,0.00263204
2021-01-30,0.0017171
2021-01-31,0.0013210600000000002
2021-02-01,0.00085366
2021-02-02,0.0017925100000000002
2021-02-03,0.0035260099999999996
2021-02-04,0.00130397
2021-02-05,0.00153251
2021-02-06,0.0005075500000000001
2021-02-07,0.0047409900000000005
2021-02-08,0.00357523
2021-02-09,0.00834892
2021-02-10,0.007098510000000001
2021-02-11,0.00499244
2021-02-12,0.00590397
2021-02-13,0.00450377
2021-02-14,0.0043136400000000005
2021-02-15,0.005689179999999999
2021-02-16,0.00400463
2021-02-17,0.0049074900000000005
2021-02-18,0.00650745
2021-02-19,0.00331974
2021-02-20,0.00390215
2021-02-21,0.00436694
2021-02-22,0.0052466200000000004
2021-02-23,0.00063538
2021-02-24,0.00042805
2021-02-25,0.00073878
2021-02-26,0.00106454
2021-02-27,0.00064892
2021-02-28,0.0006389499999999999
2021-03-01,0.00032074
2021-03-02,0.00031317
2021-03-03,0.00030000000000000003
2021-03-04,0.00114178
2021-03-05,0.00074418
2021-03-06,0.00077734
2021-03-07,0.00045651000000000003
2021-03-08,0.0019001
2021-03-09,0.0011163800000000001
2021-03-10,0.00343496
2021-03-11,0.00347295
2021-03-12,0.00350446
2021-03-13,0.00099477
2021-03-14,0.00623133
2021-03-15,0.00511891
2021-03-16,0.00098079
2021-03-17,0.00073574
2021-03-18,0.00077931
2021-03-19,0.00077742
2021-03-20,0.0009528399999999999
2021-03-21,0.0033219300000000003
2021-03-22,0.00116745
2021-03-23,0.0015907200000000001
2021-03-24,0.0007161800000000001
2021-03-25,0.0004158
2021-03-26,0.00030000000000000003
2021-03-27,0.00028931
2021-03-28,0.00030000000000000003
2021-03-29,0.00032422
2021-03-30,0.0035449699999999997
2021-03-31,0.0032761500000000002
2021-04-01,0.0038676599999999998
2021-04-02,0.00400903
2021-04-03,0.0046095699999999995
2021-04-04,0.00266617
2021-04-05,0.00192118
2021-04-06,0.00324388
2021-04-07,0.003155
2021-04-08,0.000444
2021-04-09,0.00030000000000000003
2021-04-10,0.00165556
2021-04-11,0.00353972
2021-04-12,0.00347929
2021-04-13,0.00283706
2021-04-14,0.00463784
2021-04-15,0.00406119
2021-04-16,0.006770190000000001
2021-04-17,0.00268483
2021-04-18,0.00357561
2021-04-19,0.0002412
2021-04-20,0.00030000000000000003
2021-04-21,0.00030000000000000003
2021-04-22,0.00030000000000000003
2021-04-23,0.0012324999999999999
2021-04-24,0.00030000000000000003
2021-04-25,0.00046759
2021-04-26,-7.816e-05
2021-04-27,0.00030000000000000003
2021-04-28,0.00027971
2021-04-29,0.00065221
2021-04-30,0.00048751
2021-05-01,0.00069913
2021-05-02,0.00165152
2021-05-03,0.0010750199999999999
2021-05-04,0.0018720899999999999
2021-05-05,0.0011196000000000001
2021-05-06,0.0020797899999999998
2021-05-07,0.00117029
2021-05-08,0.00193409
2021-05-09,0.0015626899999999998
2021-05-10,0.00201725
2021-05-11,0.00182213
2021-05-12,0.00089602
2021-05-13,0.00123069
2021-05-14,0.00130257
2021-05-15,0.00064223
2021-05-16,0.00093691
2021-05-17,0.00097399
2021-05-18,0.00056325
2021-05-19,-0.0013728500000000001
2021-05-20,0.00030000000000000003
2021-05-21,0.00025642
2021-05-22,0.00030000000000000003
2021-05-23,0.00030000000000000003
2021-05-24,2.113999999999999e-05
2021-05-25,0.00030000000000000003
2021-05-26,0.000328
2021-05-27,-8.990999999999998e-05
2021-05-28,0.00030000000000000003
2021-05-29,0.00030000000000000003
2021-05-30,0.00016507000000000002
2021-05-31,-0.00038967000000000006
2021-06-01,-0.00054536
2021-06-02,0.00030000000000000003
2021-06-03,0.00029444
2021-06-04,0.00051586
2021-06-05,0.00010993000000000001
2021-06-06,0.00030000000000000003
2021-06-07,0.00029052
2021-06-08,-0.00045356000000000004
2021-06-09,-0.0027052400000000002
2021-06-10,0.00030000000000000003
2021-06-11,0.00030000000000000003
2021-06-12,0.0002685
2021-06-13,-0.00062173
2021-06-14,0.00030000000000000003
2021-06-15,0.00030000000000000003
2021-06-16,0.00026654
2021-06-17,0.00030000000000000003
2021-06-18,0.00030000000000000003
2021-06-19,0.00010213000000000001
2021-06-20,0.00030000000000000003
2021-06-21,0.00027007
2021-06-22,0.00014657
2021-06-23,-0.00042548
2021-06-24,-0.00017301
2021-06-25,-0.00011365
2021-06-26,-9.065999999999998e-05
2021-06-27,-0.00137386
2021-06-28,-0.00023226999999999997
2021-06-29,0.00014794
2021-06-30,0.00030000000000000003
2021-07-01,0.00010525000000000001
2021-07-02,0.00012067000000000001
2021-07-03,0.00025019
2021-07-04,-0.00058208
2021-07-05,0.00028952000000000003
2021-07-06,-9.71e-06
2021-07-07,-0.00014335999999999998
2021-07-08,0.00018563
2021-07-09,-0.00031692
2021-07-10,0.00014062
2021-07-11,-0.00011392
2021-07-12,-0.0008511199999999999
2021-07-13,0.00044897000000000003
2021-07-14,0.00029428
2021-07-15,0.00015948
2021-07-16,0.00030000000000000003
2021-07-17,0.00022123
2021-07-18,0.00030000000000000003
2021-07-19,0.00016015000000000002
2021-07-20,2.4590000000000007e-05
2021-07-21,-0.00034476000000000005
2021-07-22,-0.0007510399999999999
2021-07-23,-0.0006822
2021-07-24,-0.00105029
2021-07-25,-0.00232991
2021-07-26,-0.00043450000000000004
2021-07-27,0.00030000000000000003
2021-07-28,0.00024671000000000003
2021-07-29,0.00029118000000000004
2021-07-30,0.00030000000000000003
2021-07-31,0.00030000000000000003
2021-08-01,0.00030000000000000003
2021-08-02,0.00030000000000000003
2021-08-03,0.00030000000000000003
2021-08-04,0.00030000000000000003
2021-08-05,0.00012245000000000002
2021-08-06,0.00030000000000000003
2021-08-07,0.00025418
2021-08-08,0.00030000000000000003
2021-08-09,0.00030000000000000003
2021-08-10,0.00031678
2021-08-11,0.00030000000000000003
2021-08-12,0.00030000000000000003
2021-08-13,0.00033603
2021-08-14,0.00032532000000000004
2021-08-15,0.0005562
2021-08-16,0.00040857
2021-08-17,0.00050253
2021-08-18,0.00076777
2021-08-19,0.00041109
2021-08-20,0.00030000000000000003
2021-08-21,0.00030000000000000003
2021-08-22,0.00030000000000000003
2021-08-23,-0.0005146700000000001
2021-08-24,0.0005686199999999999
2021-08-25,0.00175641
2021-08-26,0.0004938799999999999
2021-08-27,0.0007808200000000001
2021-08-28,0.00030000000000000003
2021-08-29,0.00048655
2021-08-30,0.00120802
2021-08-31,0.00140485
2021-09-01,0.00148217
2021-09-02,0.00030000000000000003
2021-09-03,0.00098231
2021-09-04,0.00039314
2021-09-05,0.00077828
2021-09-06,-0.00120566
2021-09-07,0.00084835
2021-09-08,0.00030000000000000003
2021-09-09,0.00030000000000000003
2021-09-10,0.00030000000000000003
2021-09-11,0.00030000000000000003
2021-09-12,0.00030000000000000003
2021-09-13,0.0008547
2021-09-14,0.00011718000000000001
2021-09-15,-0.0009303600000000001
2021-09-16,-0.0005356499999999999
2021-09-17,0.00030000000000000003
2021-09-18,-0.00024621
2021-09-19,0.00030000000000000003
2021-09-20,0.00030000000000000003
2021-09-21,-0.00019672
2021-09-22,-6.641999999999999e-05
2021-09-23,-0.00048143000000000003
2021-09-24,-0.0003275
2021-09-25,0.00030000000000000003
2021-09-26,0.00030000000000000003
2021-09-27,6.855e-05
2021-09-28,0.00030000000000000003
2021-09-29,6.732000000000001e-05
2021-09-30,-0.00041777
2021-10-01,-0.00058794
2021-10-02,0.00022795
2021-10-03,0.00030000000000000003
2021-10-04,0.00030000000000000003
2021-10-05,-0.0009177899999999999
2021-10-06,6.460000000000016e-06
2021-10-07,0.00138749
2021-10-08,0.0018749
2021-10-09,0.00069881
2021-10-10,0.00066805
2021-10-11,0.00036470000000000003
2021-10-12,0.0003539
2021-10-13,0.00042067000000000005
2021-10-14,0.00042649
2021-10-15,0.00039136
2021-10-16,0.0022398
2021-10-17,0.00254626
2021-10-18,0.0007919099999999999
2021-10-19,0.0005955699999999999
2021-10-20,0.00115171
2021-10-21,0.00433287
2021-10-22,0.00193701
2021-10-23,0.00103899
2021-10-24,0.0019151200000000002
2021-10-25,0.00109189
2021-10-26,0.0013009599999999999
2021-10-27,0.00203447
2021-10-28,0.00119867
2021-10-29,0.0011951400000000001
2021-10-30,0.00108176
2021-10-31,0.00154007
2021-11-01,0.00155157
2021-11-02,0.0010632
2021-11-03,0.00223641
2021-11-04,0.0023518000000000002
2021-11-05,0.00138087
2021-11-06,0.00287843
2021-11-07,0.0006812000000000001
2021-11-08,0.00030000000000000003
2021-11-09,0.00077985
2021-11-10,0.00182731
2021-11-11,0.00055154
2021-11-12,0.00078491
2021-11-13,0.00064175
2021-11-14,0.00030000000000000003
2021-11-15,0.00052331
2021-11-16,0.00185684
2021-11-17,0.00050897
2021-11-18,0.00064016
2021-11-19,0.001157
2021-11-20,0.00035243000000000004
2021-11-21,0.00053896
2021-11-22,0.00052478
2021-11-23,0.00030012
2021-11-24,0.00050302
2021-11-25,0.00069933
2021-11-26,0.00110471
2021-11-27,0.00132345
2021-11-28,0.00074205
2021-11-29,0.00038488
2021-11-30,0.00030000000000000003
2021-12-01,0.0008442
2021-12-02,0.00060548
2021-12-03,0.00088021
2021-12-04,0.00039174
2021-12-05,0.00017309999999999998
2021-12-06,0.00030000000000000003
2021-12-07,6.221000000000002e-05
2021-12-08,0.00030000000000000003
2021-12-09,0.00030000000000000003
2021-12-10,0.00030000000000000003
2021-12-11,0.00030000000000000003
2021-12-12,0.00030000000000000003
2021-12-13,0.00020810000000000002
2021-12-14,-8.67000000000001e-06
2021-12-15,0.00030000000000000003
2021-12-16,0.00030000000000000003
2021-12-17,0.00030000000000000003
2021-12-18,0.00030000000000000003
2021-12-19,0.00030000000000000003
2021-12-20,0.00030000000000000003
2021-12-21,0.00030000000000000003
2021-12-22,0.00030000000000000003
2021-12-23,0.00030000000000000003
2021-12-24,0.00030000000000000003
2021-12-25,0.00030000000000000003
2021-12-26,0.00030000000000000003
2021-12-27,0.00030000000000000003
2021-12-28,0.00030000000000000003
2021-12-29,0.00030000000000000003
2021-12-30,0.00030000000000000003
2021-12-31,0.00030000000000000003
2022-01-01,0.00030000000000000003
2022-01-02,0.00030000000000000003
2022-01-03,0.00030000000000000003
2022-01-04,0.00030000000000000003
2022-01-05,0.00030000000000000003
2022-01-06,0.00030000000000000003
2022-01-07,0.00030000000000000003
2022-01-08,0.00030000000000000003
2022-01-09,0.00030000000000000003
2022-01-10,0.00030000000000000003
2022-01-11,0.00028221
2022-01-12,-7.488999999999998e-05
2022-01-13,0.00029117
2022-01-14,0.00030000000000000003
2022-01-15,0.00026753
2022-01-16,0.00024270000000000002
2022-01-17,0.00030000000000000003
2022-01-18,0.00030000000000000003
2022-01-19,0.00030000000000000003
2022-01-20,0.00030000000000000003
2022-01-21,0.00030000000000000003
2022-01-22,9.935e-05
2022-01-23,0.00023319
2022-01-24,0.00030000000000000003
2022-01-25,-8.809999999999999e-05
2022-01-26,-0.00052863
2022-01-27,-0.00020136
2022-01-28,0.00011451000000000001
2022-01-29,-0.00035564
2022-01-30,-1.4750000000000006e-05
2022-01-31,-0.00024771
2022-02-01,-0.0005963199999999999
2022-02-02,0.00014046000000000002
2022-02-03,-6.866e-05
2022-02-04,-0.0002319
2022-02-05,7.58e-05
2022-02-06,-0.00014297
2022-02-07,-0.00036524
2022-02-08,0.00024451
2022-02-09,0.00016068
2022-02-10,-3.0560000000000006e-05
2022-02-11,7.783e-05
2022-02-12,0.00030000000000000003
2022-02-13,0.00013675
2022-02-14,0.00030000000000000003
2022-02-15,5.112000000000001e-05
2022-02-16,0.00030000000000000003
2022-02-17,0.00030000000000000003
2022-02-18,0.00024124000000000001
2022-02-19,0.00030000000000000003
2022-02-20,0.00020394
2022-02-21,-4.821e-05
2022-02-22,-0.00015360000000000002
2022-02-23,-0.00040455
2022-02-24,-0.00020795
2022-02-25,0.00019842
2022-02-26,-4.359999999999992e-06
2022-02-27,-9.598e-05
2022-02-28,-0.00039554
2022-03-01,0.00027797
2022-03-02,9.564000000000001e-05
2022-03-03,0.00028451
2022-03-04,0.00030000000000000003
2022-03-05,2.9299999999999994e-05
2022-03-06,-2.995999999999999e-05
2022-03-07,5.361e-05
2022-03-08,0.00030000000000000003
2022-03-09,0.00019558
2022-03-10,0.00013492000000000002
2022-03-11,0.00011818000000000001
2022-03-12,0.00030000000000000003
2022-03-13,4.517e-05
2022-03-14,0.00030000000000000003
2022-03-15,0.0002334
2022-03-16,6.850000000000001e-05
2022-03-17,0.00030000000000000003
2022-03-18,4.738e-05
2022-03-19,0.00026868
2022-03-20,0.00021245000000000001
2022-03-21,0.00029647
2022-03-22,7.75e-05
2022-03-23,0.00025316
2022-03-24,-0.00010826
2022-03-25,-0.0004341
2022-03-26,-0.00010897
2022-03-27,-0.00025584
2022-03-28,5.689999999999998e-06
2022-03-29,0.00012542
2022-03-30,0.00030000000000000003
2022-03-31,0.00024928
2022-04-01,0.00022256
2022-04-02,0.00030000000000000003
2022-04-03,0.00030000000000000003
2022-04-04,0.00030000000000000003
2022-04-05,0.00030000000000000003
2022-04-06,0.00030000000000000003
2022-04-07,0.00030000000000000003
2022-04-08,0.00030000000000000003
2022-04-09,0.00030000000000000003
2022-04-10,0.00018046000000000002
2022-04-11,0.00016402000000000002
2022-04-12,-0.00019856
2022-04-13,7.705e-05
2022-04-14,0.00025956000000000004
2022-04-15,5.3950000000000004e-05
2022-04-16,0.00016062999999999999
2022-04-17,9.748e-05
2022-04-18,-0.00011429999999999999
2022-04-19,0.00014079
2022-04-20,8.886e-05
2022-04-21,-0.00015907999999999997
2022-04-22,-5.0779999999999985e-05
2022-04-23,-0.00016923
2022-04-24,-1.1629999999999995e-05
2022-04-25,1.8860000000000006e-05
2022-04-26,0.00030000000000000003
2022-04-27,-3.324e-05
2022-04-28,7.04e-05
2022-04-29,0.00026625
2022-04-30,-9.933e-05
2022-05-01,0.00019361
2022-05-02,0.00011561000000000001
2022-05-03,0.00030000000000000003
2022-05-04,0.00024437
2022-05-05,0.00030000000000000003
2022-05-06,-2.8849999999999983e-05
2022-05-07,0.00018821
2022-05-08,0.00030000000000000003
2022-05-09,0.00030000000000000003
2022-05-10,0.00030000000000000003
2022-05-11,0.00025857
2022-05-12,-0.00110699
2022-05-13,-0.00016283
2022-05-14,8.071e-05
2022-05-15,6.8099999999999975e-06
2022-05-16,7.966e-05
2022-05-17,-4.0029999999999995e-05
2022-05-18,-0.00025184
2022-05-19,-0.00010652
2022-05-20,0.00030000000000000003
2022-05-21,8.260000000000002e-05
2022-05-22,5.5400000000000005e-05
2022-05-23,0.00026341
2022-05-24,0.00018418999999999998
2022-05-25,0.00019428000000000002
2022-05-26,0.00030000000000000003
2022-05-27,0.00027478
2022-05-28,0.00017427000000000002
2022-05-29,0.00026084000000000003
2022-05-30,0.00010553000000000001
2022-05-31,0.00023659
2022-06-01,0.00030000000000000003
2022-06-02,-0.00011043999999999999
2022-06-03,3.531000000000001e-05
2022-06-04,0.00014241
2022-06-05,0.000171
2022-06-06,1.4250000000000002e-05
2022-06-07,0.00011933999999999999
2022-06-08,0.00030000000000000003
2022-06-09,0.00030000000000000003
2022-06-10,0.00027236000000000003
2022-06-11,0.00015634
2022-06-12,0.0002357
2022-06-13,0.00012286000000000003
2022-06-14,5.919000000000001e-05
2022-06-15,-4.256000000000001e-05
2022-06-16,6.69e-05
2022-06-17,-2.879e-05
2022-06-18,3.929000000000001e-05
2022-06-19,-5.032999999999999e-05
2022-06-20,0.00020228
2022-06-21,0.00018672
2022-06-22,0.00018999
2022-06-23,-4.729e-05
2022-06-24,0.0002471
2022-06-25,0.00024153
2022-06-26,0.00017704
2022-06-27,0.00015604
2022-06-28,-0.00010240000000000001
2022-06-29,0.00029593
2022-06-30,-0.00025675
2022-07-01,-2.6450000000000006e-05
2022-07-02,4.741000000000001e-05
2022-07-03,0.00016656
2022-07-04,-4.311e-05
2022-07-05,0.00018287000000000002
2022-07-06,0.00024184
2022-07-07,-1.362999999999999e-05
2022-07-08,0.00030000000000000003
2022-07-09,0.00030000000000000003
2022-07-10,0.00030000000000000003
2022-07-11,0.00024144000000000002
2022-07-12,0.00027023
2022-07-13,-1.17e-05
2022-07-14,0.00019252
2022-07-15,0.00017065
2022-07-16,0.00029035
2022-07-17,0.00030000000000000003
2022-07-18,0.00030000000000000003
2022-07-19,0.00030000000000000003
2022-07-20,0.00030000000000000003
2022-07-21,0.00030000000000000003
2022-07-22,0.00028174
2022-07-23,0.00026429000000000003
2022-07-24,0.00029201
2022-07-25,0.00022443000000000002
2022-07-26,0.00024665
2022-07-27,7.774e-05
2022-07-28,0.00030000000000000003
2022-07-29,0.00030000000000000003
2022-07-30,0.0002752
2022-07-31,0.00029467
2022-08-01,0.00025215000000000003
2022-08-02,0.00017058
2022-08-03,-0.00010742
2022-08-04,9.187e-05
2022-08-05,0.00018984
2022-08-06,0.00024177
2022-08-07,0.0002034
2022-08-08,-4.699999999999992e-06
2022-08-09,0.00030000000000000003
2022-08-10,0.00030000000000000003
2022-08-11,0.00030000000000000003
2022-08-12,0.00030000000000000003
2022-08-13,0.00030000000000000003
2022-08-14,0.00030000000000000003
2022-08-15,0.00030000000000000003
2022-08-16,0.00030000000000000003
2022-08-17,0.00030000000000000003
2022-08-18,0.00022591
2022-08-19,0.00019306
2022-08-20,-0.00021922
2022-08-21,-0.00028714
2022-08-22,-8.398e-05
2022-08-23,9.080000000000005e-06
2022-08-24,-0.00014843000000000001
2022-08-25,0.00016565
2022-08-26,0.00029776
2022-08-27,9.403e-05
2022-08-28,2.418e-05
2022-08-29,-0.00020733
2022-08-30,0.00015578
2022-08-31,9.449999999999999e-05
2022-09-01,0.00026768
2022-09-02,0.00015931000000000002
2022-09-03,0.00030000000000000003
2022-09-04,0.00025376
2022-09-05,0.00030000000000000003
2022-09-06,0.00023572000000000003
2022-09-07,7.790000000000005e-06
2022-09-08,0.00020097
2022-09-09,-0.00035307
2022-09-10,9.528000000000001e-05
2022-09-11,-0.0001574
2022-09-12,-0.00017893
2022-09-13,0.00024252
2022-09-14,8.489000000000001e-05
2022-09-15,0.00018341
2022-09-16,0.00014392000000000002
2022-09-17,4.558e-05
2022-09-18,0.00028301
2022-09-19,-2.776e-05
2022-09-20,0.00020937
2022-09-21,4.275999999999999e-05
2022-09-22,-6.246e-05
2022-09-23,1.3469999999999998e-05
2022-09-24,0.00019073
2022-09-25,9.154000000000001e-05
2022-09-26,8.611e-05
2022-09-27,-6.759e-05
2022-09-28,-1.4050000000000003e-05
2022-09-29,5.576e-05
2022-09-30,0.00021849
2022-10-01,0.00030000000000000003
2022-10-02,0.0002353
2022-10-03,0.00021215
2022-10-04,-0.00019412999999999999
2022-10-05,0.00012748
2022-10-06,0.00016576
2022-10-07,0.00030000000000000003
2022-10-08,0.00028493
2022-10-09,0.00016001
2022-10-10,0.00030000000000000003
2022-10-11,0.00030000000000000003
2022-10-12,0.00027248
2022-10-13,0.00017345000000000001
2022-10-14,0.00013423
2022-10-15,0.00025162000000000003
2022-10-16,0.00013217
2022-10-17,7.928000000000001e-05
2022-10-18,0.00016519
2022-10-19,0.00030000000000000003
2022-10-20,0.00030000000000000003
2022-10-21,0.00020443000000000002
2022-10-22,-5.8599999999999995e-05
2022-10-23,2.6e-05
2022-10-24,0.00014075
2022-10-25,-0.00029422
2022-10-26,-0.00012186
2022-10-27,-6.173000000000001e-05
2022-10-28,9.265e-05
2022-10-29,3.265e-05
2022-10-30,-2.199999999999996e-07
2022-10-31,0.00010682
2022-11-01,2.2479999999999988e-05
2022-11-02,0.00015413999999999998
2022-11-03,8.869e-05
2022-11-04,-0.00023256
2022-11-05,-0.00016901
2022-11-06,0.00016198999999999999
2022-11-07,0.00028265
2022-11-08,4.004999999999997e-05
2022-11-09,-0.00089473
2022-11-10,-0.00188737
2022-11-11,-0.00052841
2022-11-12,-0.0005491000000000001
2022-11-13,-0.00024078999999999998
2022-11-14,2.5220000000000006e-05
2022-11-15,-0.00123552
2022-11-16,-0.00052982
2022-11-17,-0.00144008
2022-11-18,8.306000000000001e-05
2022-11-19,1.1970000000000009e-05
2022-11-20,0.00010478000000000001
2022-11-21,7.159000000000001e-05
2022-11-22,0.00010164000000000001
2022-11-23,-0.00083679
2022-11-24,-0.00050989
2022-11-25,-0.00022438
2022-11-26,-0.00040426
2022-11-27,-0.0003271
2022-11-28,1.8789999999999988e-05
2022-11-29,-3.848999999999999e-05
2022-11-30,-9.276999999999998e-05
2022-12-01,-0.00030232
2022-12-02,3.086e-05
2022-12-03,9.619000000000001e-05
2022-12-04,4.984e-05
2022-12-05,-0.00046527
2022-12-06,0.00029163
2022-12-07,0.00019371000000000001
2022-12-08,-0.00043299
2022-12-09,-0.00030593
2022-12-10,-0.00032731000000000004
2022-12-11,-0.00012873
2022-12-12,-0.00018108
2022-12-13,-0.0009387
2022-12-14,-0.00080467
2022-12-15,-0.00010670999999999999
2022-12-16,-0.00016617999999999998
2022-12-17,0.00029387
2022-12-18,0.00013173
2022-12-19,8.648e-05
2022-12-20,0.00022602
2022-12-21,0.00030000000000000003
2022-12-22,0.00027265000000000004
2022-12-23,0.00030000000000000003
2022-12-24,0.00030000000000000003
2022-12-25,0.00030000000000000003
2022-12-26,0.00023500000000000002
2022-12-27,0.00028357
2022-12-28,0.00030000000000000003
2022-12-29,0.00030000000000000003
2022-12-30,0.00034457
2022-12-31,0.00097265
2023-01-01,0.00065575
2023-01-02,0.00030000000000000003
2023-01-03,0.00030000000000000003
2023-01-04,0.00026612
2023-01-05,0.00010175
2023-01-06,0.00018863000000000002
2023-01-07,0.00022609000000000003
2023-01-08,0.00030000000000000003
2023-01-09,-0.00048068000000000004
2023-01-10,-0.00058626
2023-01-11,-0.00040578999999999995
2023-01-12,-0.00056478
2023-01-13,-0.0011795500000000001
2023-01-14,0.00030000000000000003
2023-01-15,0.00030000000000000003
2023-01-16,0.00030000000000000003
2023-01-17,0.00010180000000000001
2023-01-18,0.00021262
2023-01-19,-9.849e-05
2023-01-20,6.450000000000001e-06
2023-01-21,0.00030000000000000003
2023-01-22,0.00030000000000000003
2023-01-23,0.00030000000000000003
2023-01-24,0.00030000000000000003
2023-01-25,0.00030000000000000003
2023-01-26,0.00030000000000000003
2023-01-27,0.00030000000000000003
2023-01-28,0.00030000000000000003
2023-01-29,0.00030000000000000003
2023-01-30,0.00030000000000000003
2023-01-31,0.00030000000000000003
2023-02-01,0.00030000000000000003
2023-02-02,0.00030000000000000003
2023-02-03,0.00030000000000000003
2023-02-04,0.00030000000000000003
2023-02-05,0.00030000000000000003
2023-02-06,0.00030000000000000003
2023-02-07,0.00030000000000000003
2023-02-08,0.00030000000000000003
2023-02-09,0.00025169
2023-02-10,0.00030000000000000003
2023-02-11,0.00025648
2023-02-12,0.00023235
2023-02-13,0.00030000000000000003
2023-02-14,0.00021311
2023-02-15,0.00010849
2023-02-16,0.00034868
2023-02-17,0.00030000000000000003
2023-02-18,0.00030000000000000003
2023-02-19,0.00030000000000000003
2023-02-20,0.00030000000000000003
2023-02-21,0.00030000000000000003
2023-02-22,0.00030000000000000003
2023-02-23,0.00030000000000000003
2023-02-24,0.00030000000000000003
2023-02-25,0.00030000000000000003
2023-02-26,0.00030000000000000003
2023-02-27,0.00030000000000000003
2023-02-28,0.00030000000000000003
2023-03-01,0.00030000000000000003
2023-03-02,0.00030000000000000003
2023-03-03,0.00030000000000000003
2023-03-04,0.00017898
2023-03-05,0.0001752
2023-03-06,5.494e-05
2023-03-07,0.00023779
2023-03-08,0.00025819
2023-03-09,0.00030000000000000003
2023-03-10,0.00015348
2023-03-11,0.00022727
2023-03-12,0.00029121
2023-03-13,0.00019416000000000002
2023-03-14,0.00030000000000000003
2023-03-15,0.0003719
2023-03-16,0.00030000000000000003
2023-03-17,0.00030000000000000003
2023-03-18,0.00030000000000000003
2023-03-19,0.00030000000000000003
2023-03-20,0.00030000000000000003
2023-03-21,0.00010171999999999998
2023-03-22,0.00012014
2023-03-23,0.00028682
2023-03-24,0.00026691
2023-03-25,0.00016705
2023-03-26,7.887000000000001e-05
2023-03-27,7.297e-05
2023-03-28,0.00012621000000000003
2023-03-29,0.00018091
2023-03-30,0.00028299
2023-03-31,1.0089999999999998e-05
2023-04-01,1.5400000000000022e-06
2023-04-02,0.00018456
2023-04-03,6.189e-05
2023-04-04,-0.00010839
2023-04-05,0.00023404
2023-04-06,8.114e-05
2023-04-07,0.00018625
2023-04-08,0.00018006
2023-04-09,0.00010592000000000002
2023-04-10,-6.0400000000000004e-05
2023-04-11,0.00030000000000000003
2023-04-12,0.00022179
2023-04-13,0.00030000000000000003
2023-04-14,0.00020407000000000002
2023-04-15,0.00030000000000000003
2023-04-16,0.00030000000000000003
2023-04-17,0.00030000000000000003
2023-04-18,0.00030000000000000003
2023-04-19,0.00030000000000000003
2023-04-20,0.00030000000000000003
2023-04-21,0.00030000000000000003
2023-04-22,0.00030000000000000003
2023-04-23,0.00028685
2023-04-24,0.00021427
2023-04-25,0.00017406
2023-04-26,0.00017402999999999999
2023-04-27,0.00019506
2023-04-28,0.00024712
2023-04-29,-3.006e-05
2023-04-30,5.1089999999999994e-05
2023-05-01,0.00015371
2023-05-02,5.4460000000000004e-05
2023-05-03,0.00030000000000000003
2023-05-04,0.00024261
2023-05-05,0.00030000000000000003
2023-05-06,0.00029624
2023-05-07,0.00011470999999999999
2023-05-08,0.00025955
2023-05-09,0.00024769
2023-05-10,1.9780000000000004e-05
2023-05-11,8.396e-05
2023-05-12,0.00016873000000000002
2023-05-13,0.00015339
2023-05-14,0.00021072
2023-05-15,0.00010544000000000001
2023-05-16,0.00026192
2023-05-17,0.00023484
2023-05-18,0.00016155
2023-05-19,0.0002652
2023-05-20,0.00010874
2023-05-21,0.00030000000000000003
2023-05-22,0.00026784
2023-05-23,0.0001649
2023-05-24,0.00030000000000000003
2023-05-25,0.00014457
2023-05-26,6.234e-05
2023-05-27,0.00023825
2023-05-28,-5.243e-05
2023-05-29,0.00029328000000000004
2023-05-30,0.00030000000000000003
2023-05-31,0.00030000000000000003
2023-06-01,0.00030000000000000003
2023-06-02,0.00030000000000000003
2023-06-03,0.00030000000000000003
2023-06-04,0.00030000000000000003
2023-06-05,0.00030000000000000003
2023-06-06,0.00024393
2023-06-07,0.0002574
2023-06-08,0.00015353
2023-06-09,0.00012355
2023-06-10,0.00030000000000000003
2023-06-11,0.00029044
2023-06-12,0.0002406
2023-06-13,9.792000000000001e-05
2023-06-14,5.812e-05
2023-06-15,0.00030000000000000003
2023-06-16,0.00014276
2023-06-17,0.00027489
2023-06-18,0.00015953
2023-06-19,0.00022902
2023-06-20,-6.523e-05
2023-06-21,0.00010393
2023-06-22,0.00029829
2023-06-23,0.00030000000000000003
2023-06-24,0.00030000000000000003
2023-06-25,0.00030000000000000003
2023-06-26,0.00030000000000000003
2023-06-27,0.0002662
2023-06-28,0.00024063
2023-06-29,0.00026167
2023-06-30,0.00016832000000000001
2023-07-01,0.00030000000000000003
2023-07-02,0.00030000000000000003
2023-07-03,0.00029481
2023-07-04,0.00030000000000000003
2023-07-05,0.0002229
2023-07-06,0.00020161000000000002
2023-07-07,8.807e-05
2023-07-08,0.00024366
2023-07-09,0.00030000000000000003
2023-07-10,0.00019333
2023-07-11,0.0002428
2023-07-12,0.00012315999999999998
2023-07-13,0.00015165
2023-07-14,0.00029997
2023-07-15,9.228e-05
2023-07-16,0.00028931
2023-07-17,0.00014859
2023-07-18,0.00010624000000000001
2023-07-19,0.0001687
2023-07-20,0.0001682
2023-07-21,3.7800000000000004e-05
2023-07-22,0.00025537
2023-07-23,4.321e-05
2023-07-24,0.0001923
2023-07-25,1.984e-05
2023-07-26,0.00011596
2023-07-27,0.00012617
2023-07-28,0.00015735
2023-07-29,0.00019143
2023-07-30,0.00012709
2023-07-31,0.00014357
2023-08-01,0.00030000000000000003
2023-08-02,0.00030000000000000003
2023-08-03,0.00030000000000000003
2023-08-04,0.00030000000000000003
2023-08-05,0.00028422
2023-08-06,0.00030000000000000003
2023-08-07,0.00028676
2023-08-08,1.978e-05
2023-08-09,0.00027799
2023-08-10,0.00030000000000000003
2023-08-11,0.00026988
2023-08-12,0.00030000000000000003
2023-08-13,0.00030000000000000003
2023-08-14,0.00030000000000000003
2023-08-15,0.00030000000000000003
2023-08-16,0.00030000000000000003
2023-08-17,0.00026393
2023-08-18,-2.4520000000000002e-05
2023-08-19,5.715e-05
2023-08-20,3.169e-05
2023-08-21,-1.1399999999999992e-06
2023-08-22,-4.129999999999996e-06
2023-08-23,5.691e-05
2023-08-24,0.00016416
2023-08-25,3.300000000000019e-07
2023-08-26,3.15e-05
2023-08-27,6.448e-05
2023-08-28,0.00013477
2023-08-29,0.00010092
2023-08-30,0.00017815
2023-08-31,8.607e-05
2023-09-01,9.362e-05
2023-09-02,0.00015157000000000001
2023-09-03,6.583e-05
2023-09-04,0.00013859
2023-09-05,3.198e-05
2023-09-06,0.0001087
2023-09-07,0.00015653
2023-09-08,0.00015725
2023-09-09,5.475e-05
2023-09-10,0.00023391999999999998
2023-09-11,5.998e-05
2023-09-12,0.00013837
2023-09-13,-6.452e-05
2023-09-14,-6.439999999999999e-06
2023-09-15,3.8809999999999996e-05
2023-09-16,0.00011807
2023-09-17,6.742e-05
2023-09-18,0.00020074
2023-09-19,0.00019389
2023-09-20,8.945e-05
2023-09-21,6.312e-05
2023-09-22,4.962e-05
2023-09-23,6.324e-05
2023-09-24,0.00011528000000000001
2023-09-25,-4.337e-05
2023-09-26,6.546e-05
2023-09-27,2.1479999999999998e-05
2023-09-28,-7.442e-05
2023-09-29,0.00014025000000000002
2023-09-30,0.00025418
2023-10-01,0.00017564000000000002
2023-10-02,1.5360000000000002e-05
2023-10-03,0.00026702000000000003
2023-10-04,0.00024861
2023-10-05,0.00015098
2023-10-06,8.847e-05
2023-10-07,-7.56e-05
2023-10-08,-1.2009999999999999e-05
2023-10-09,6.968999999999999e-05
2023-10-10,0.00014713999999999998
2023-10-11,0.00027159
2023-10-12,0.00029346
2023-10-13,0.00028044
2023-10-14,0.00025078000000000004
2023-10-15,0.00017021
2023-10-16,8.496e-05
2023-10-17,9.366e-05
2023-10-18,0.00011621
2023-10-19,-6.74e-06
2023-10-20,0.00024035000000000001
2023-10-21,0.00010697
2023-10-22,0.0001178
2023-10-23,0.00030000000000000003
2023-10-24,0.00030000000000000003
2023-10-25,0.00030000000000000003
2023-10-26,0.00030000000000000003
2023-10-27,0.00030000000000000003
2023-10-28,0.00037876
2023-10-29,0.00030000000000000003
2023-10-30,0.00030000000000000003
2023-10-31,0.00030516
2023-11-01,0.00036239
2023-11-02,0.0004019
2023-11-03,0.00030000000000000003
2023-11-04,0.00030000000000000003
2023-11-05,0.00032243
2023-11-06,0.00046301999999999997
2023-11-07,0.00032322
2023-11-08,0.00055446
2023-11-09,0.0007846700000000001
2023-11-10,0.00101165
2023-11-11,0.00069221
2023-11-12,0.00079097
2023-11-13,0.00084438
2023-11-14,0.00038868
2023-11-15,0.00030000000000000003
2023-11-16,0.00044328
2023-11-17,0.00030000000000000003
2023-11-18,0.00030000000000000003
2023-11-19,0.00030000000000000003
2023-11-20,0.00035534
2023-11-21,0.00030000000000000003
2023-11-22,0.00030000000000000003
2023-11-23,0.00030000000000000003
2023-11-24,0.00030000000000000003
2023-11-25,0.00030000000000000003
2023-11-26,0.00030000000000000003
2023-11-27,0.00030000000000000003
2023-11-28,0.00030000000000000003
2023-11-29,0.00030000000000000003
2023-11-30,0.00030000000000000003
2023-12-01,0.00030000000000000003
2023-12-02,0.00030000000000000003
2023-12-03,0.00030000000000000003
2023-12-04,0.0005924600000000001
2023-12-05,0.00030000000000000003
2023-12-06,0.00030000000000000003
2023-12-07,0.00051401
2023-12-08,0.00089956
2023-12-09,0.00115712
2023-12-10,0.00103609
2023-12-11,0.0004749
2023-12-12,0.00044781000000000004
2023-12-13,0.0004187
2023-12-14,0.00033904
2023-12-15,0.00038769
2023-12-16,0.0005909999999999999
2023-12-17,0.00033303
2023-12-18,0.00030731
2023-12-19,0.00041673
2023-12-20,0.00043924999999999997
2023-12-21,0.0008056300000000001
2023-12-22,0.00065937
2023-12-23,0.00030000000000000003
2023-12-24,0.00045197
2023-12-25,0.0005918799999999999
2023-12-26,0.00100758
2023-12-27,0.00113704
2023-12-28,0.00155951
2023-12-29,0.00126709
2023-12-30,0.00087619
2023-12-31,0.00127593
2024-01-01,0.00144396
2024-01-02,0.00161925
2024-01-03,0.00055429
2024-01-04,0.00030000000000000003
2024-01-05,0.00030000000000000003
2024-01-06,0.00030000000000000003
2024-01-07,0.00030000000000000003
2024-01-08,0.00030000000000000003
2024-01-09,0.00030000000000000003
2024-01-10,0.00030000000000000003
2024-01-11,0.00030000000000000003
2024-01-12,0.00030000000000000003
2024-01-13,0.00030000000000000003
2024-01-14,0.00030000000000000003
2024-01-15,0.00030000000000000003
2024-01-16,0.00030000000000000003
2024-01-17,0.00030000000000000003
2024-01-18,0.00030000000000000003
2024-01-19,0.00030000000000000003
2024-01-20,0.00030000000000000003
2024-01-21,0.00030000000000000003
2024-01-22,0.00030000000000000003
2024-01-23,0.00030000000000000003
2024-01-24,0.00030000000000000003
2024-01-25,0.00030000000000000003
2024-01-26,0.00030000000000000003
2024-01-27,0.00020678000000000002
2024-01-28,0.00020543
2024-01-29,0.00028201
2024-01-30,0.00021302000000000002
2024-01-31,0.00025432
2024-02-01,0.00027298000000000003
2024-02-02,0.00028511
2024-02-03,0.00023377
2024-02-04,0.00028355000000000003
2024-02-05,0.00030000000000000003
2024-02-06,0.00025488
2024-02-07,0.00030000000000000003
2024-02-08,3.764000000000001e-05
2024-02-09,0.00030000000000000003
2024-02-10,0.00030000000000000003
2024-02-11,0.00030000000000000003
2024-02-12,0.00030000000000000003
2024-02-13,0.00030000000000000003
2024-02-14,0.00031153
2024-02-15,0.00035583
2024-02-16,0.00030000000000000003
2024-02-17,0.00032154000000000004
2024-02-18,0.00037748
2024-02-19,0.0004245
2024-02-20,0.00030000000000000003
2024-02-21,0.00030000000000000003
2024-02-22,0.00030000000000000003
2024-02-23,0.00030000000000000003
2024-02-24,0.00030658
2024-02-25,0.00030000000000000003
2024-02-26,0.00046308000000000005
2024-02-27,0.0012073
2024-02-28,0.00130954
2024-02-29,0.0018104
2024-03-01,0.00093014
2024-03-02,0.00137495
2024-03-03,0.00134842
2024-03-04,0.00231004
2024-03-05,0.0023304099999999998
2024-03-06,0.00099637
2024-03-07,0.00110173
2024-03-08,0.0013625
2024-03-09,0.00087641
2024-03-10,0.00166415
2024-03-11,0.00201988
2024-03-12,0.00141597
2024-03-13,0.0015541300000000001
2024-03-14,0.00149183
2024-03-15,0.00030000000000000003
2024-03-16,0.00030000000000000003
2024-03-17,0.00042854
2024-03-18,0.00050244
2024-03-19,0.00031542
2024-03-20,0.00030000000000000003
2024-03-21,0.00030000000000000003
2024-03-22,0.00030000000000000003
2024-03-23,0.00030000000000000003
2024-03-24,0.00030000000000000003
2024-03-25,0.00045795000000000005
2024-03-26,0.00101703
2024-03-27,0.00112524
2024-03-28,0.00143505
2024-03-29,0.00096693
2024-03-30,0.00109162
2024-03-31,0.00159246
2024-04-01,0.0007901500000000001
2024-04-02,0.00030000000000000003
2024-04-03,0.00030000000000000003
2024-04-04,0.00030000000000000003
2024-04-05,0.00030000000000000003
2024-04-06,0.00030000000000000003
2024-04-07,0.00030000000000000003
2024-04-08,0.00052305
2024-04-09,0.00044298
2024-04-10,0.00030000000000000003
2024-04-11,0.00030000000000000003
2024-04-12,0.00030000000000000003
2024-04-13,0.00027356
2024-04-14,0.00028288
2024-04-15,5.368e-05
2024-04-16,0.00016460999999999998
2024-04-17,0.00012376
2024-04-18,-0.00012450999999999999
2024-04-19,0.00019145000000000002
2024-04-20,-7.901e-05
2024-04-21,0.00019233
2024-04-22,-0.00012777
2024-04-23,0.00015828
2024-04-24,0.00024930000000000004
2024-04-25,5.100000000000002e-07
2024-04-26,0.0001274
2024-04-27,0.0002402
2024-04-28,0.00017622
2024-04-29,5.648000000000001e-05
2024-04-30,0.00019002
2024-05-01,0.00016489
2024-05-02,-9.845e-05
2024-05-03,-0.00023376
2024-05-04,2.465e-05
2024-05-05,0.00021678
2024-05-06,0.00025943
2024-05-07,0.00030000000000000003
2024-05-08,0.00030000000000000003
2024-05-09,0.00013905
2024-05-10,0.00021145000000000002
2024-05-11,0.00030000000000000003
2024-05-12,0.0001551
2024-05-13,7.541e-05
2024-05-14,0.00025988
2024-05-15,1.2699999999999997e-06
2024-05-16,0.00019505
2024-05-17,0.00022216
2024-05-18,0.0001384
2024-05-19,0.00018227
2024-05-20,0.00026146000000000003
2024-05-21,0.00030000000000000003
2024-05-22,0.00030000000000000003
2024-05-23,0.00035612
2024-05-24,0.00030000000000000003
2024-05-25,0.00030000000000000003
2024-05-26,0.00030000000000000003
2024-05-27,0.00030000000000000003
2024-05-28,0.00030000000000000003
2024-05-29,0.00030687
2024-05-30,0.00030000000000000003
2024-05-31,0.00030000000000000003
2024-06-01,0.00030000000000000003
2024-06-02,0.00030000000000000003
2024-06-03,0.00030000000000000003
2024-06-04,0.00036251
2024-06-05,0.0003104
2024-06-06,0.00030000000000000003
2024-06-07,0.00039651
2024-06-08,0.00030000000000000003
2024-06-09,0.00030000000000000003
2024-06-10,0.00030000000000000003
2024-06-11,0.00022722
2024-06-12,0.00014083
2024-06-13,0.00011392999999999999
2024-06-14,0.00015715
2024-06-15,0.0001305
2024-06-16,-7.419e-05
2024-06-17,-3.440000000000001e-06
2024-06-18,0.00026445
2024-06-19,0.00016575
2024-06-20,0.000276
2024-06-21,5.8410000000000005e-05
2024-06-22,-4.977e-05
2024-06-23,1.891e-05
2024-06-24,-0.00032977
2024-06-25,-0.00023604000000000002
2024-06-26,-0.00019504
2024-06-27,0.00016395
2024-06-28,9.910000000000001e-05
2024-06-29,-0.00015684
2024-06-30,-0.00022511999999999999
2024-07-01,-0.00022091
2024-07-02,8.779999999999999e-05
2024-07-03,6.827e-05
2024-07-04,5.1790000000000004e-05
2024-07-05,0.00010362
2024-07-06,7.394e-05
2024-07-07,0.00013448
2024-07-08,0.00027703
2024-07-09,0.00030000000000000003
2024-07-10,0.00023916
2024-07-11,0.00014914
2024-07-12,1.091e-05
2024-07-13,0.00013379
2024-07-14,0.00012877
2024-07-15,4.874000000000001e-05
2024-07-16,0.00028038
2024-07-17,8.292e-05
2024-07-18,0.00015853
2024-07-19,0.00029501
2024-07-20,0.00017154
2024-07-21,0.00026724
2024-07-22,0.00025306
2024-07-23,0.00023978
2024-07-24,0.00030000000000000003
2024-07-25,0.00022176000000000002
2024-07-26,0.00020444000000000001
2024-07-27,0.00030000000000000003
2024-07-28,0.00030000000000000003
2024-07-29,0.00030000000000000003
2024-07-30,6.289e-05
2024-07-31,0.00024406999999999999
2024-08-01,0.00020594
2024-08-02,0.00012755
2024-08-03,-2.023e-05
2024-08-04,6.456e-05
2024-08-05,-4.900999999999999e-05
2024-08-06,0.00014588
2024-08-07,0.00021383
2024-08-08,4.5579999999999994e-05
2024-08-09,5.172e-05
2024-08-10,0.00023935000000000002
2024-08-11,0.00010799
2024-08-12,0.00012051
2024-08-13,0.00012876
2024-08-14,-1.0040000000000002e-05
2024-08-15,0.00011381
2024-08-16,0.00015016999999999998
2024-08-17,0.00022600000000000002
2024-08-18,2.29e-05
2024-08-19,-4.077e-05
2024-08-20,4.4980000000000006e-05
2024-08-21,-3.388e-05
2024-08-22,0.00020777
2024-08-23,7.908000000000001e-05
2024-08-24,0.00027745
2024-08-25,0.00022195
2024-08-26,0.00014743999999999998
2024-08-27,0.00016564
2024-08-28,-2.803e-05
2024-08-29,-8.073e-05
2024-08-30,6.941e-05
2024-08-31,0.00021365
2024-09-01,1.1999999999999997e-05
2024-09-02,2.4180000000000002e-05
2024-09-03,0.00014679
2024-09-04,-6.578000000000001e-05
2024-09-05,-4.024e-05
2024-09-06,1.3679999999999998e-05
2024-09-07,0.00010474
2024-09-08,0.00014895000000000002
2024-09-09,0.00015583
2024-09-10,6.298e-05
2024-09-11,0.00011198
2024-09-12,0.00012316
2024-09-13,-4.4819999999999994e-05
2024-09-14,4.3440000000000004e-05
2024-09-15,0.00010908999999999999
2024-09-16,0.00016777
2024-09-17,0.00010565
2024-09-18,0.00024179
2024-09-19,0.00015547
2024-09-20,8.385e-05
2024-09-21,-2.217e-05
2024-09-22,0.00011094
2024-09-23,0.00011414
2024-09-24,0.00020287000000000001
2024-09-25,0.00030000000000000003
2024-09-26,0.00026725
2024-09-27,0.00017047999999999998
2024-09-28,0.00026532
2024-09-29,0.00030000000000000003
2024-09-30,0.00022677
2024-10-01,0.00015468
2024-10-02,0.00015367
2024-10-03,0.00027355
2024-10-04,8.920000000000001e-05
2024-10-05,0.00020797
2024-10-06,0.00015552
2024-10-07,6.008000000000001e-05
2024-10-08,1.66e-05
2024-10-09,0.00019965
2024-10-10,0.00012471
2024-10-11,0.00024712
2024-10-12,0.00025894
2024-10-13,0.00018989999999999998
2024-10-14,0.00030000000000000003
2024-10-15,0.00030000000000000003
2024-10-16,0.00030000000000000003
2024-10-17,0.00028463
2024-10-18,0.00030000000000000003
2024-10-19,0.00030000000000000003
2024-10-20,0.00030000000000000003
2024-10-21,0.00030000000000000003
2024-10-22,0.00030000000000000003
2024-10-23,0.00030000000000000003
2024-10-24,0.00030000000000000003
2024-10-25,0.00024612
2024-10-26,0.00027273
2024-10-27,0.00029734
2024-10-28,0.00030000000000000003
2024-10-29,0.00030000000000000003
2024-10-30,0.00030000000000000003
2024-10-31,0.00030000000000000003
2024-11-01,0.00030000000000000003
2024-11-02,0.00030000000000000003
2024-11-03,0.00030000000000000003
2024-11-04,0.00030000000000000003
2024-11-05,0.00027377
2024-11-06,0.00030000000000000003
2024-11-07,0.00031201000000000004
2024-11-08,0.00030000000000000003
2024-11-09,0.00030000000000000003
2024-11-10,0.00090836
2024-11-11,0.00066559
2024-11-12,0.00126663
2024-11-13,0.00055174
2024-11-14,0.00039380999999999997
2024-11-15,0.00039471000000000005
2024-11-16,0.00093465
2024-11-17,0.00087538
2024-11-18,0.00118856
2024-11-19,0.00074161
2024-11-20,0.00037882000000000004
2024-11-21,0.00047509
2024-11-22,0.00062796
2024-11-23,0.00077676
2024-11-24,0.00097768
2024-11-25,0.00080087
2024-11-26,0.00046358
2024-11-27,0.00069744
2024-11-28,0.00073943
2024-11-29,0.00077574
2024-11-30,0.0005852100000000001
2024-12-01,0.00064793
2024-12-02,0.00034214
2024-12-03,0.00065222
2024-12-04,0.00110088
2024-12-05,0.00186824
2024-12-06,0.00035125
2024-12-07,0.00046121
2024-12-08,0.00071869
2024-12-09,0.00035788
2024-12-10,0.00030000000000000003
2024-12-11,0.00030000000000000003
2024-12-12,0.00030000000000000003
2024-12-13,0.00030000000000000003
2024-12-14,0.00030000000000000003
2024-12-15,0.00030000000000000003
2024-12-16,0.00030000000000000003
2024-12-17,0.00030000000000000003
2024-12-18,0.00026186
2024-12-19,-0.00012077999999999999
2024-12-20,8.899e-05
2024-12-21,-4.107e-05
2024-12-22,8.916e-05
2024-12-23,9.115999999999999e-05
2024-12-24,0.00023316
2024-12-25,0.00030000000000000003
2024-12-26,0.00012216
2024-12-27,6.283e-05
2024-12-28,8.039999999999998e-06
2024-12-29,-2.7619999999999996e-05
2024-12-30,-3.871e-05
2024-12-31,0.0001981
2025-01-01,0.00024006
2025-01-02,0.00030000000000000003
2025-01-03,0.00022794
2025-01-04,0.00025117
2025-01-05,0.00027478
2025-01-06,0.00025254
2025-01-07,0.00021484
2025-01-08,0.00020997000000000002
2025-01-09,0.0001121
2025-01-10,0.00014025000000000002
2025-01-11,0.00019988
2025-01-12,0.00024877
2025-01-13,0.00018022
2025-01-14,0.00025343
2025-01-15,0.00022787000000000003
2025-01-16,0.00027555
2025-01-17,0.00029347
2025-01-18,0.00030000000000000003
2025-01-19,0.00030000000000000003
2025-01-20,0.00030000000000000003
2025-01-21,0.00030000000000000003
2025-01-22,0.00030000000000000003
2025-01-23,0.00024386
2025-01-24,0.00029463
2025-01-25,0.00022689
2025-01-26,0.00030000000000000003
2025-01-27,2.183e-05
2025-01-28,3.704e-05
2025-01-29,0.00015865
2025-01-30,0.00021241
2025-01-31,-8.879999999999999e-05
2025-02-01,-0.0001562
2025-02-02,2.6859999999999997e-05
2025-02-03,-5.1569999999999996e-05
2025-02-04,0.00019099
2025-02-05,0.00019201
2025-02-06,0.00021987
2025-02-07,6.0730000000000017e-05
2025-02-08,4.394e-05
2025-02-09,6.282999999999999e-05
2025-02-10,0.00025377
2025-02-11,5.537e-05
2025-02-12,0.00013552
2025-02-13,0.00019767
2025-02-14,0.00023027
2025-02-15,0.00010526
2025-02-16,-2.730000000000001e-06
2025-02-17,5.969e-05
2025-02-18,0.00020661
2025-02-19,0.00030000000000000003
2025-02-20,0.00019048
2025-02-21,0.0006275899999999999
2025-02-22,0.00045044
2025-02-23,0.00030000000000000003
2025-02-24,0.00030000000000000003
2025-02-25,0.00030000000000000003
2025-02-26,5.1710000000000005e-05
2025-02-27,9.325000000000002e-05
2025-02-28,-2.0610000000000008e-05
2025-03-01,0.00012689
2025-03-02,0.00026936
2025-03-03,0.00016649000000000001
2025-03-04,0.00011526
2025-03-05,0.00022585000000000001
2025-03-06,0.0001238
2025-03-07,0.0002804
2025-03-08,0.00011551999999999999
2025-03-09,-0.00027709
2025-03-10,-0.0001465
2025-03-11,0.00014018
2025-03-12,0.00018269
2025-03-13,-8.727e-05
2025-03-14,0.00024476
2025-03-15,0.00021501000000000002
2025-03-16,-5.7549999999999996e-05
2025-03-17,4.023e-05
2025-03-18,-4.235e-05
2025-03-19,0.00016449000000000002
2025-03-20,4.7440000000000007e-05
2025-03-21,6.256e-05
2025-03-22,1.669e-05
2025-03-23,8.999999999999982e-07
2025-03-24,0.00013742
2025-03-25,-1.3850000000000001e-05
2025-03-26,3.019999999999995e-06
2025-03-27,1.6099999999999973e-06
2025-03-28,6.889e-05
2025-03-29,3.183e-05
2025-03-30,-4.231e-05
2025-03-31,-9.449999999999999e-05
2025-04-01,6.802e-05
2025-04-02,-7.418999999999999e-05
2025-04-03,0.00010477
2025-04-04,0.00021873
2025-04-05,0.00022278
2025-04-06,0.00010396
2025-04-07,1.3569999999999995e-05
2025-04-08,0.00013057
2025-04-09,0.0001715
2025-04-10,0.00011684000000000001
2025-04-11,0.00021940000000000002
2025-04-12,8.264e-05
2025-04-13,-2.5900000000000003e-05
2025-04-14,9.408e-05
2025-04-15,0.00010969
2025-04-16,-0.00011963
2025-04-17,3.201e-05
2025-04-18,-6.065e-05
2025-04-19,0.00023915
2025-04-20,-7.53e-05
2025-04-21,0.0002307
2025-04-22,-5.449999999999997e-06
2025-04-23,4.419e-05
2025-04-24,9.779999999999999e-05
2025-04-25,6.8099999999999975e-06
2025-04-26,-1.359999999999987e-06
2025-04-27,-3.941e-05
2025-04-28,1.8249999999999996e-05
2025-04-29,2.8650000000000002e-05
2025-04-30,9.178e-05
2025-05-01,5.514e-05
2025-05-02,-0.00011241
2025-05-03,-7.725000000000001e-05
2025-05-04,9.910000000000005e-06
2025-05-05,7.139e-05
2025-05-06,3.812e-05
2025-05-07,0.00017052000000000001
2025-05-08,0.00030000000000000003
2025-05-09,0.00022397
2025-05-10,0.00028081
2025-05-11,0.00030000000000000003
2025-05-12,0.00023541000000000002
2025-05-13,8.104e-05
2025-05-14,3.7900000000000027e-06
2025-05-15,-2.8499999999999964e-06
2025-05-16,4.46e-05
2025-05-17,0.00010394
2025-05-18,0.00023858
2025-05-19,0.00012191
2025-05-20,0.00012681999999999998
2025-05-21,0.00020149
2025-05-22,0.00021805
2025-05-23,0.00014101
2025-05-24,0.00014984000000000002
2025-05-25,0.00025451
2025-05-26,0.00029627
2025-05-27,-0.00010237000000000001
2025-05-28,1.408e-05
2025-05-29,0.00014755
2025-05-30,0.00029532
2025-05-31,0.00030000000000000003
2025-06-01,0.00026812
2025-06-02,9.7e-05
2025-06-03,3.407999999999999e-05
2025-06-04,-1.4220000000000003e-05
2025-06-05,8.154000000000001e-05
2025-06-06,-3.755e-05
2025-06-07,0.00015118
2025-06-08,-8.151e-05
2025-06-09,0.00020374
2025-06-10,0.0002559
2025-06-11,0.00015798
2025-06-12,0.0001115
2025-06-13,0.00011545
2025-06-14,3.222e-05
2025-06-15,0.00021923
2025-06-16,0.00017803
2025-06-17,8.299e-05
2025-06-18,4.8429999999999995e-05
2025-06-19,8.856e-05
2025-06-20,0.00010153000000000001
2025-06-21,3.2700000000000017e-06
2025-06-22,6.818e-05
2025-06-23,2.0409999999999996e-05
2025-06-24,3.600000000000001e-05
2025-06-25,-4.903999999999999e-05
2025-06-26,-1.2309999999999999e-05
2025-06-27,4.500000000000001e-06
2025-06-28,0.00011385
2025-06-29,3.319e-05
2025-06-30,3.7080000000000004e-05
2025-07-01,4.684e-05
2025-07-02,0.00017486999999999998
2025-07-03,0.00018627
2025-07-04,0.00015187000000000002
2025-07-05,0.00014386
2025-07-06,0.00013597000000000001
2025-07-07,5.0499999999999994e-05
2025-07-08,0.00010899
2025-07-09,0.00020183
2025-07-10,0.0002404
2025-07-11,0.00030000000000000003
2025-07-12,0.00027909
2025-07-13,0.00024291999999999998
2025-07-14,0.00030000000000000003
2025-07-15,0.00030000000000000003
2025-07-16,0.00030000000000000003
2025-07-17,0.00030000000000000003
2025-07-18,0.00030000000000000003
2025-07-19,0.00030000000000000003
2025-07-20,0.00030000000000000003
2025-07-21,0.00030000000000000003
2025-07-22,0.00031431
2025-07-23,0.00030000000000000003
2025-07-24,0.00030000000000000003
2025-07-25,0.00030000000000000003
2025-07-26,0.00030000000000000003
2025-07-27,0.00030000000000000003
2025-07-28,0.00030000000000000003
2025-07-29,0.00030000000000000003
2025-07-30,0.00030000000000000003
2025-07-31,0.00018344000000000002
2025-08-01,7.452e-05
2025-08-02,0.00030000000000000003
2025-08-03,0.00022871000000000002
2025-08-04,0.00015179
2025-08-05,0.00024579
2025-08-06,0.00026413
2025-08-07,7.453e-05
2025-08-08,0.00012660999999999998
2025-08-09,4.6200000000000005e-05
2025-08-10,0.00030000000000000003
2025-08-11,0.00030000000000000003
2025-08-12,0.00023101000000000003
2025-08-13,0.00030000000000000003
2025-08-14,0.00029395
2025-08-15,0.00023229000000000001
2025-08-16,9.821e-05
2025-08-17,0.00022931999999999998
2025-08-18,0.0001716
2025-08-19,0.00011108
2025-08-20,0.00028933
2025-08-21,0.00027466000000000003
2025-08-22,0.00027665000000000003
2025-08-23,0.00030000000000000003
2025-08-24,0.00030000000000000003
2025-08-25,0.00030000000000000003
2025-08-26,0.00030000000000000003
2025-08-27,0.00017967
2025-08-28,0.00020512
2025-08-29,0.00017727
2025-08-30,0.00030000000000000003
2025-08-31,0.00013964
2025-09-01,0.00030000000000000003
2025-09-02,0.00030000000000000003
2025-09-03,0.00029011
2025-09-04,0.00020342
2025-09-05,0.00028455
2025-09-06,8.186e-05
2025-09-07,0.00027039
2025-09-08,0.00013356000000000002
2025-09-09,6.926999999999999e-05
2025-09-10,0.00018593
2025-09-11,0.00024178000000000003
2025-09-12,0.00012780000000000002
2025-09-13,0.0001137
2025-09-14,0.00011385
2025-09-15,0.0002798
2025-09-16,0.00021523
2025-09-17,0.00019186
2025-09-18,0.00025409
2025-09-19,0.00012867
2025-09-20,0.00025756
2025-09-21,0.0002216
2025-09-22,0.00011881000000000001
2025-09-23,-6.465e-05
2025-09-24,0.00011973000000000002
2025-09-25,2.9179999999999995e-05
2025-09-26,0.00017195
2025-09-27,0.00023360999999999998
2025-09-28,0.00017427000000000002
2025-09-29,0.00023223999999999999
2025-09-30,0.00019399
2025-10-01,0.00016984
2025-10-02,0.000174
2025-10-03,2.3460000000000002e-05
2025-10-04,0.00020748
2025-10-05,0.00027282
2025-10-06,0.00017826000000000002
2025-10-07,0.00017113000000000002
2025-10-08,0.00023109
2025-10-09,0.00019287000000000002
2025-10-10,4.4700000000000165e-06
2025-10-11,0.00019263
2025-10-12,0.00018932
2025-10-13,0.00022599000000000002
2025-10-14,-1.2669999999999999e-05
2025-10-15,2.3959999999999998e-05
2025-10-16,-3.337e-05
2025-10-17,-1.993e-05
2025-10-18,8.592e-05
2025-10-19,0.00019439000000000001
2025-10-20,0.00027228
2025-10-21,0.00012695
2025-10-22,0.00015793
2025-10-23,0.00016591000000000002
2025-10-24,0.00017822
2025-10-25,0.00029909
2025-10-26,0.00025578
2025-10-27,0.00016927
2025-10-28,0.00012153000000000001
2025-10-29,5.337e-05
2025-10-30,3.344e-05
2025-10-31,0.00018133
2025-11-01,0.00014994999999999999
2025-11-02,8.773e-05
2025-11-03,4.4279999999999996e-05
2025-11-04,8.196e-05
2025-11-05,2.303e-05
2025-11-06,4.811e-05
2025-11-07,0.00014373
2025-11-08,-6.799999999999996e-07
2025-11-09,0.00020677
2025-11-10,0.00014134
2025-11-11,7.632e-05
2025-11-12,0.00011546000000000001
2025-11-13,-6.500000000000022e-07
2025-11-14,0.00011637
2025-11-15,0.00012569
2025-11-16,0.00014662
2025-11-17,0.00025263
2025-11-18,0.00019218
2025-11-19,3.1400000000000004e-05
2025-11-20,0.00010859
2025-11-21,8.266e-05
2025-11-22,0.00013356
2025-11-23,3.872e-05
2025-11-24,-9.952999999999999e-05
2025-11-25,-6.242e-05
2025-11-26,3.304e-05
2025-11-27,-9.339999999999999e-06
2025-11-28,-0.00010815
2025-11-29,7.36e-05
2025-11-30,7.61e-05
2025-12-01,-1.629e-05
2025-12-02,7.546e-05
2025-12-03,0.00013312
2025-12-04,3.9410000000000004e-05
2025-12-05,2.984e-05
2025-12-06,-8.845e-05
2025-12-07,3.987e-05
2025-12-08,0.00010404000000000001
2025-12-09,5.826e-05
2025-12-10,6.68e-05
2025-12-11,9.452e-05
2025-12-12,0.00012223
2025-12-13,7.144000000000001e-05
2025-12-14,8.52e-06
2025-12-15,7.511e-05
2025-12-16,8.803000000000001e-05
2025-12-17,9.743e-05
2025-12-18,0.00016863
2025-12-19,0.00012185000000000001
2025-12-20,-2.5429999999999995e-05
2025-12-21,3.336e-05
2025-12-22,9.334000000000001e-05
2025-12-23,2.604e-05
2025-12-24,0.00011992
2025-12-25,0.00016453
2025-12-26,0.00023048
2025-12-27,0.00014327
2025-12-28,0.00023186
2025-12-29,0.00012993
2025-12-30,5.644e-05
2025-12-31,0.00023038
2026-01-01,0.00019454
2026-01-02,0.00012789
2026-01-03,0.00017214000000000002
2026-01-04,4.4380000000000005e-05
2026-01-05,5.456e-05
2026-01-06,0.00011477
2026-01-07,0.00020443
2026-01-08,4.134e-05
2026-01-09,0.0001271
2026-01-10,0.00022250000000000001
2026-01-11,0.00018313999999999998
2026-01-12,5.416e-05
2026-01-13,0.00026302
2026-01-14,0.00019232
2026-01-15,-3.9189999999999996e-05
2026-01-16,0.00012331
2026-01-17,2.755e-05
2026-01-18,5.466e-05
2026-01-19,2.4089999999999998e-05
2026-01-20,3.6299999999999974e-06
2026-01-21,0.00010051999999999999
2026-01-22,7.976000000000001e-05
2026-01-23,-1.538e-05
2026-01-24,-7.767000000000001e-05
2026-01-25,8.311000000000001e-05
2026-01-26,0.00011967999999999999
2026-01-27,3.862e-05
2026-01-28,0.00014017
2026-01-29,-6.060000000000003e-06
2026-01-30,-1.7030000000000005e-05
2026-01-31,7.664e-05
2026-02-01,5.230999999999999e-05
2026-02-02,-4.57e-05
2026-02-03,-8.800000000000004e-06
2026-02-04,0.0001807
2026-02-05,5.4409999999999996e-05
2026-02-06,-0.00016494
2026-02-07,4.4529999999999995e-05
2026-02-08,-4.009e-05
2026-02-09,4.41e-06
2026-02-10,-0.00012544
2026-02-11,-6.171e-05
2026-02-12,0.00017353
2026-02-13,5.25e-05
2026-02-14,0.00013434
2026-02-15,0.00012839
2026-02-16,4.483e-05
2026-02-17,2.5499999999999996e-05
2026-02-18,-1.361e-05
2026-02-19,0.00016129
2026-02-20,0.00027455000000000003
2026-02-21,0.00020244
2026-02-22,-3.624e-05
2026-02-23,-9.19e-05
2026-02-24,-4.948000000000001e-05
2026-02-25,0.00019107
2026-02-26,0.00017997
2026-02-27,-2.0929999999999998e-05
2026-02-28,-4.139e-05
2026-03-01,0.00017073
2026-03-02,7.501e-05
2026-03-03,4.152e-05
2026-03-04,-2.3789999999999994e-05
2026-03-05,-9.402e-05
2026-03-06,-6.084e-05
2026-03-07,-8.548e-05
2026-03-08,-0.00011356
2026-03-09,-0.00013031999999999999
2026-03-10,-1.945e-05
2026-03-11,-0.00014251
2026-03-12,-0.00013898
2026-03-13,-1.06e-05
2026-03-14,-0.00018004000000000002
2026-03-15,3.082e-05
2026-03-16,0.00015794
2026-03-17,9.59e-06
2026-03-18,-9.420000000000001e-06
2026-03-19,7.464e-05
2026-03-20,0.00010529
2026-03-21,-8.051e-05
2026-03-22,-0.00010611
2026-03-23,0.0001039
2026-03-24,0.00012726
2026-03-25,0.00010821000000000001
2026-03-26,6.319e-05
2026-03-27,3.51e-05
2026-03-28,-7.002000000000001e-05
2026-03-29,7.24e-06
2026-03-30,-5.69e-05
2026-03-31,6.928e-05
2026-04-01,9.89e-05
2026-04-02,-8.968e-05
2026-04-03,4.073e-05
2026-04-04,4.802e-05
2026-04-05,3.547e-05
2026-04-06,-9.389999999999996e-06
2026-04-07,6.0280000000000006e-05
2026-04-08,0.00012622
2026-04-09,0.00016993
2026-04-10,0.00013538
2026-04-11,2.7700000000000023e-06
2026-04-12,-4.368e-05
2026-04-13,-5.696e-05
2026-04-14,-8.372e-05
2026-04-15,-0.00016465
2026-04-16,-9.631e-05
2026-04-17,-0.00010718
2026-04-18,-0.00019776
2026-04-19,-2.786e-05
2026-04-20,-0.00010093999999999999
2026-04-21,-9.289000000000001e-05
2026-04-22,-8.46e-05
2026-04-23,-8.656e-05
2026-04-24,-1.852e-05
2026-04-25,-1.534e-05
2026-04-26,4.176e-05
2026-04-27,2.844e-05
2026-04-28,-8.259e-05
2026-04-29,-0.00011761
2026-04-30,-0.00012705
2026-05-01,-0.00012808
2026-05-02,-5.822000000000001e-05
2026-05-03,0.00010009
2026-05-04,-6.601e-05
2026-05-05,-0.00011787000000000001
2026-05-06,-4.013e-05
2026-05-07,9.232000000000001e-05
2026-05-08,9.313999999999999e-05
2026-05-09,-2.108e-05
2026-05-10,6.883e-05
2026-05-11,8.515e-05
2026-05-12,-1.2580000000000002e-05
2026-05-13,9.536000000000001e-05
2026-05-14,-3.187e-05
2026-05-15,-8.197e-05
2026-05-16,4.4250000000000005e-05
2026-05-17,-4.4000000000000087e-07
2026-05-18,0.00015641
2026-05-19,0.00022188
2026-05-20,0.00020457
2026-05-21,0.0001624
2026-05-22,0.00013333
2026-05-23,4.271e-05
2026-05-24,0.00011850000000000001
2026-05-25,0.00019559000000000002
2026-05-26,1.239e-05
2026-05-27,-6.044e-05
2026-05-28,0.00020067000000000002
2026-05-29,0.00013746
2026-05-30,0.00013557
2026-05-31,0.00016303
2026-06-01,0.00016892
2026-06-02,0.0001987
2026-06-03,0.00012017
2026-06-04,5.140000000000002e-06
2026-06-05,-3.5060000000000007e-05
2026-06-06,-7.389999999999995e-06
2026-06-07,-3.8999999999999965e-07
2026-06-08,7.832e-05
2026-06-09,9.902e-05
2026-06-10,-1.6919999999999994e-05
2026-06-11,0.00024511
2026-06-12,0.00010466
2026-06-13,3.089e-05
2026-06-14,4.272e-05
2026-06-15,2.7760000000000002e-05
2026-06-16,5.6659999999999996e-05
2026-06-17,1.6e-05
2026-06-18,-8.973e-05
2026-06-19,-7.679e-05
2026-06-20,5.97e-05
2026-06-21,-5.36e-05
2026-06-22,6.579e-05
2026-06-23,-3.213e-05
2026-06-24,-6.123e-05
2026-06-25,-7.363999999999999e-05
2026-06-26,3.812e-05
2026-06-27,-3.605e-05
2026-06-28,2.863e-05
2026-06-29,0.00018759
2026-06-30,6e-05
2026-07-01,0.00025858
2026-07-02,0.00021079
2026-07-03,0.00013497
2026-07-04,0.00016024
2026-07-05,0.0001239
2026-07-06,0.00018680000000000001
2026-07-07,0.0001777
2026-07-08,0.00018854
2026-07-09,0.00018046
2026-07-10,0.00030000000000000003
2026-07-11,0.00022727
2026-07-12,8.768e-05
2026-07-13,1.4429999999999999e-05
2026-07-14,0.00026919
2026-07-15,0.00019373
2026-07-16,8.104e-05
2026-07-17,5.385e-05
2026-07-18,5.229e-05
2026-07-19,0.00019748
2026-07-20,8.151e-05
2026-07-21,0.00014501
2026-07-22,-2.486e-05
2026-07-23,-9.820000000000001e-06
2026-07-24,1.6280000000000003e-05
2026-07-25,-8.552000000000001e-05
2026-07-26,7.66e-05
2026-07-27,0.00010460000000000001
2026-07-28,3.4819999999999995e-05
2026-07-29,0.00018312
2026-07-30,0.00026766
2026-07-31,7.279999999999998e-06
2026-08-01,5.436e-05
2026-08-02,0.0001415
2026-08-03,0.00010436
2026-08-04,0.00020035000000000002
2026-08-05,8.958e-05
2026-08-06,1.395e-05
2026-08-07,7.159000000000001e-05
2026-08-08,6.19e-05
2026-08-09,0.00018665
2026-08-10,0.00013329
2026-08-11,8.878e-05
2026-08-12,0.00013457
2026-08-13,0.00018342
2026-08-14,7.871e-05
2026-08-15,0.0001215
2026-08-16,4.872e-05
2026-08-17,0.0001241
2026-08-18,9.257e-05
2026-08-19,0.00017984
2026-08-20,0.00012439
2026-08-21,0.00030000000000000003
2026-08-22,0.00030000000000000003
2026-08-23,0.00030000000000000003
2026-08-24,0.00023399
2026-08-25,0.00013811000000000002
2026-08-26,7.805e-05
2026-08-27,0.00011497
2026-08-28,0.00021203999999999998
2026-08-29,0.0001422
2026-08-30,0.00020219
2026-08-31,0.0001665
2026-09-01,0.00014448
2026-09-02,0.00021367
2026-09-03,0.00025173999999999997
2026-09-04,9.129e-05
2026-09-05,1.503e-05
2026-09-06,7.669e-05
2026-09-07,6.33e-05
2026-09-08,0.0001412
2026-09-09,0.00015948999999999998
2026-09-10,0.00016821999999999999
2026-09-11,7.826e-05
2026-09-12,0.00011083000000000001
2026-09-13,0.00012035
2026-09-14,0.00014728
2026-09-15,9.413e-05
2026-09-16,0.00017138
2026-09-17,0.00013989
2026-09-18,0.00027629
2026-09-19,0.00025241
2026-09-20,0.00021383
2026-09-21,0.00028264
2026-09-22,0.00016602
2026-09-23,0.00014511
2026-09-24,2.1730000000000004e-05
2026-09-25,3.7600000000000004e-06
